id,chủ đề,kỹ năng,bài,trạng thái,mức bằng chứng,nguồn đối chiếu,ghi chú,đề
toan_bang-nhan-chia_q001,bang-nhan-chia,times-4,B6,da-ghi,muc-luc,"Mục lục SGK Toán 3 KNTT tập một: B6 Bảng nhân 4, bảng chia 4 (tr.19)","Mục lục tập một: B6 Bảng nhân 4, bảng chia 4 (tr.19) — bảng 4; tra bảng / một phép tính trực tiếp",4 × 3 = ?
toan_bang-nhan-chia_q002,bang-nhan-chia,times-4,B6,da-ghi,muc-luc,"Mục lục SGK Toán 3 KNTT tập một: B6 Bảng nhân 4, bảng chia 4 (tr.19)","Mục lục tập một: B6 Bảng nhân 4, bảng chia 4 (tr.19) — bảng 4; tra bảng / một phép tính trực tiếp",4 × 6 = ?
toan_bang-nhan-chia_q003,bang-nhan-chia,times-4,B6,da-ghi,muc-luc,"Mục lục SGK Toán 3 KNTT tập một: B6 Bảng nhân 4, bảng chia 4 (tr.19)","Mục lục tập một: B6 Bảng nhân 4, bảng chia 4 (tr.19) — bảng 4; tra bảng / một phép tính trực tiếp",4 × 7 = ?
toan_bang-nhan-chia_q004,bang-nhan-chia,times-4,B6,da-ghi,muc-luc,"Mục lục SGK Toán 3 KNTT tập một: B6 Bảng nhân 4, bảng chia 4 (tr.19)","Mục lục tập một: B6 Bảng nhân 4, bảng chia 4 (tr.19) — bảng 4; tra bảng / một phép tính trực tiếp",4 × 8 = ?
toan_bang-nhan-chia_q005,bang-nhan-chia,times-4,B6,da-ghi,muc-luc,"Mục lục SGK Toán 3 KNTT tập một: B6 Bảng nhân 4, bảng chia 4 (tr.19)","Mục lục tập một: B6 Bảng nhân 4, bảng chia 4 (tr.19) — bảng 4; tra bảng / một phép tính trực tiếp",4 × 9 = ?
toan_bang-nhan-chia_q006,bang-nhan-chia,times-4,B6,da-ghi,muc-luc,"Mục lục SGK Toán 3 KNTT tập một: B6 Bảng nhân 4, bảng chia 4 (tr.19)","Mục lục tập một: B6 Bảng nhân 4, bảng chia 4 (tr.19) — bảng 4; tra bảng / một phép tính trực tiếp",4 × 10 = ?
toan_bang-nhan-chia_q007,bang-nhan-chia,times-4,B6,da-ghi,muc-luc,"Mục lục SGK Toán 3 KNTT tập một: B6 Bảng nhân 4, bảng chia 4 (tr.19)","Mục lục tập một: B6 Bảng nhân 4, bảng chia 4 (tr.19) — bảng 4; tra bảng / một phép tính trực tiếp",4 × 4 = ?
toan_bang-nhan-chia_q008,bang-nhan-chia,times-9,B10,da-ghi,trang-sach,"Mục lục SGK Toán 3 KNTT tập một: B12 Bảng nhân 9, bảng chia 9 (tr.36)","gợi ý đổi về 4 × 9 (bảng 4). B10 tr.32 bài 4a: hoạt động so sánh hai tích đổi chỗ (7 × 2 ? 2 × 7). Không ghi là lần đầu dạy tính chất (tr.18, tr.29 đã có cặp đổi chỗ trong bài tìm phép tính cùng kết quả)",9 × 4 = ?
toan_bang-nhan-chia_q009,bang-nhan-chia,divide-4,B6,da-ghi,muc-luc,"Mục lục SGK Toán 3 KNTT tập một: B6 Bảng nhân 4, bảng chia 4 (tr.19)","Mục lục tập một: B6 Bảng nhân 4, bảng chia 4 (tr.19) — bảng 4; tra bảng / một phép tính trực tiếp",12 : 4 = ?
toan_bang-nhan-chia_q010,bang-nhan-chia,divide-4,B6,da-ghi,muc-luc,"Mục lục SGK Toán 3 KNTT tập một: B6 Bảng nhân 4, bảng chia 4 (tr.19)","Mục lục tập một: B6 Bảng nhân 4, bảng chia 4 (tr.19) — bảng 4; tra bảng / một phép tính trực tiếp",20 : 4 = ?
toan_bang-nhan-chia_q011,bang-nhan-chia,divide-4,B6,da-ghi,muc-luc,"Mục lục SGK Toán 3 KNTT tập một: B6 Bảng nhân 4, bảng chia 4 (tr.19)","Mục lục tập một: B6 Bảng nhân 4, bảng chia 4 (tr.19) — bảng 4; tra bảng / một phép tính trực tiếp",24 : 4 = ?
toan_bang-nhan-chia_q012,bang-nhan-chia,divide-4,B6,da-ghi,muc-luc,"Mục lục SGK Toán 3 KNTT tập một: B6 Bảng nhân 4, bảng chia 4 (tr.19)","Mục lục tập một: B6 Bảng nhân 4, bảng chia 4 (tr.19) — bảng 4; tra bảng / một phép tính trực tiếp",28 : 4 = ?
toan_bang-nhan-chia_q013,bang-nhan-chia,divide-4,B6,da-ghi,muc-luc,"Mục lục SGK Toán 3 KNTT tập một: B6 Bảng nhân 4, bảng chia 4 (tr.19)","Mục lục tập một: B6 Bảng nhân 4, bảng chia 4 (tr.19) — bảng 4; tra bảng / một phép tính trực tiếp",32 : 4 = ?
toan_bang-nhan-chia_q014,bang-nhan-chia,divide-4,B6,da-ghi,muc-luc,"Mục lục SGK Toán 3 KNTT tập một: B6 Bảng nhân 4, bảng chia 4 (tr.19)","Mục lục tập một: B6 Bảng nhân 4, bảng chia 4 (tr.19) — bảng 4; tra bảng / một phép tính trực tiếp",36 : 4 = ?
toan_bang-nhan-chia_q015,bang-nhan-chia,divide-4,B6,da-ghi,muc-luc,"Mục lục SGK Toán 3 KNTT tập một: B6 Bảng nhân 4, bảng chia 4 (tr.19)","Mục lục tập một: B6 Bảng nhân 4, bảng chia 4 (tr.19) — bảng 4; tra bảng / một phép tính trực tiếp",40 : 4 = ?
toan_bang-nhan-chia_q016,bang-nhan-chia,divide-4,B6,da-ghi,muc-luc,"Mục lục SGK Toán 3 KNTT tập một: B6 Bảng nhân 4, bảng chia 4 (tr.19)","Mục lục tập một: B6 Bảng nhân 4, bảng chia 4 (tr.19) — bảng 4; tra bảng / một phép tính trực tiếp",16 : 4 = ?
toan_bang-nhan-chia_q017,bang-nhan-chia,missing-factor,B13,da-ghi,trang-sach,"Mục lục SGK Toán 3 KNTT tập một: B13 Tìm thành phần trong phép nhân, phép chia (tr.39)","B13 tr.39: quy tắc tìm thừa số, mẫu ? × 5 = 35, bài ? × 4 = 28 — cùng dạng ? × b = c",Số thích hợp điền vào ô trống:  ? × 4 = 24
toan_bang-nhan-chia_q018,bang-nhan-chia,missing-factor,B8,da-ghi,trang-sach,"Mục lục SGK Toán 3 KNTT tập một: B13 Tìm thành phần trong phép nhân, phép chia (tr.39)","B8 tr.26 bài 4a có ô trống 4 × ? = 8, 12 : ? = 3, 3 × ? = 18, 25 : ? = 5 (trước B13) — cùng dạng; bảng 4 (B6)",Số thích hợp điền vào ô trống:  4 × ? = 36
toan_bang-nhan-chia_q019,bang-nhan-chia,missing-dividend,B13,da-ghi,trang-sach,"Mục lục SGK Toán 3 KNTT tập một: B13 Tìm thành phần trong phép nhân, phép chia (tr.39)","B13 tr.40–41: quy tắc tìm số bị chia, bài ? : 6 = 7, ? : 4 = 8 — cùng dạng",Số thích hợp điền vào ô trống:  ? : 4 = 7
toan_bang-nhan-chia_q020,bang-nhan-chia,skip-count,B6,da-ghi,trang-sach,"Mục lục SGK Toán 3 KNTT tập một: B6 Bảng nhân 4, bảng chia 4 (tr.19)","B6 tr.19 bài 2: nêu các số còn thiếu (dãy đếm thêm 4, đếm lùi) — cùng dạng",Đếm thêm 4:  4; 8; 12; ...; 20. Số còn thiếu là?
toan_bang-nhan-chia_q021,bang-nhan-chia,skip-count,B6,da-ghi,trang-sach,"Mục lục SGK Toán 3 KNTT tập một: B6 Bảng nhân 4, bảng chia 4 (tr.19)",B6 tr.19 bài 2b: dãy đếm lùi 4 — cùng dạng,Đếm lùi 4:  40; 36; 32; ...; 24. Số còn thiếu là?
toan_bang-nhan-chia_q022,bang-nhan-chia,mul-div-relation,B6,da-ghi,trang-sach,"Mục lục SGK Toán 3 KNTT tập một: B6 Bảng nhân 4, bảng chia 4 (tr.19)",B6 tr.20 khám phá: 4 × 6 = 24 → 24 : 4 = 6 — trùng,Biết 4 × 6 = 24. Vậy 24 : 4 = ?
toan_bang-nhan-chia_q023,bang-nhan-chia,compare-quotients,B6,da-ghi,trang-sach,"Mục lục SGK Toán 3 KNTT tập một: B6 Bảng nhân 4, bảng chia 4 (tr.19)","B6 tr.20 hoạt động 2: toa tàu nào có kết quả lớn nhất (8:4, 16:4, 40:4, 24:4) — cùng dạng","Trong các phép chia cho 4, phép nào có kết quả LỚN NHẤT?"
toan_bang-nhan-chia_q024,bang-nhan-chia,word-problem,B6,da-ghi,trang-sach,"Mục lục SGK Toán 3 KNTT tập một: B6 Bảng nhân 4, bảng chia 4 (tr.19)","B6 tr.19 bài 3: ""Mỗi ô tô con có 4 bánh xe. Hỏi 8 ô tô…"" — trùng đề",Mỗi ô tô con có 4 bánh xe. Hỏi 8 ô tô như vậy có bao nhiêu bánh xe?
toan_bang-nhan-chia_q025,bang-nhan-chia,word-problem,B6,da-ghi,trang-sach,"Mục lục SGK Toán 3 KNTT tập một: B6 Bảng nhân 4, bảng chia 4 (tr.19)","B6 tr.19 bài 3: mỗi … có 4, hỏi n … — cùng dạng",Mỗi bàn học có 4 chỗ ngồi. Hỏi 9 bàn như thế có tất cả bao nhiêu chỗ ngồi?
toan_bang-nhan-chia_q026,bang-nhan-chia,word-problem,B6,da-ghi,trang-sach,"Mục lục SGK Toán 3 KNTT tập một: B6 Bảng nhân 4, bảng chia 4 (tr.19)","B6 tr.20 luyện tập 2: lời văn chia cho 4 — cùng dạng (sách là chia theo nhóm, câu web là chia đều)",Nhà Lan có 28 con gà nhốt đều vào 4 chuồng. Hỏi mỗi chuồng có bao nhiêu con gà?
toan_bang-nhan-chia_q027,bang-nhan-chia,word-problem,B6,da-ghi,trang-sach,"Mục lục SGK Toán 3 KNTT tập một: B6 Bảng nhân 4, bảng chia 4 (tr.19)","B6 tr.20 luyện tập 2: lời văn chia cho 4 — cùng dạng (sách là chia theo nhóm, câu web là chia đều)",Cô giáo chia đều 36 quyển vở cho 4 tổ. Hỏi mỗi tổ được bao nhiêu quyển?
toan_bang-nhan-chia_q029,bang-nhan-chia,times-6,B9,da-ghi,muc-luc,"Mục lục SGK Toán 3 KNTT tập một: B9 Bảng nhân 6, bảng chia 6 (tr.28)","Mục lục tập một: B9 Bảng nhân 6, bảng chia 6 (tr.28) — bảng 6; tra bảng / một phép tính trực tiếp",6 × 2 = ?
toan_bang-nhan-chia_q030,bang-nhan-chia,times-6,B9,da-ghi,muc-luc,"Mục lục SGK Toán 3 KNTT tập một: B9 Bảng nhân 6, bảng chia 6 (tr.28)","Mục lục tập một: B9 Bảng nhân 6, bảng chia 6 (tr.28) — bảng 6; tra bảng / một phép tính trực tiếp",6 × 3 = ?
toan_bang-nhan-chia_q031,bang-nhan-chia,times-6,B9,da-ghi,muc-luc,"Mục lục SGK Toán 3 KNTT tập một: B9 Bảng nhân 6, bảng chia 6 (tr.28)","Mục lục tập một: B9 Bảng nhân 6, bảng chia 6 (tr.28) — bảng 6; tra bảng / một phép tính trực tiếp",6 × 4 = ?
toan_bang-nhan-chia_q032,bang-nhan-chia,times-6,B9,da-ghi,muc-luc,"Mục lục SGK Toán 3 KNTT tập một: B9 Bảng nhân 6, bảng chia 6 (tr.28)","Mục lục tập một: B9 Bảng nhân 6, bảng chia 6 (tr.28) — bảng 6; tra bảng / một phép tính trực tiếp",6 × 5 = ?
toan_bang-nhan-chia_q033,bang-nhan-chia,times-6,B9,da-ghi,muc-luc,"Mục lục SGK Toán 3 KNTT tập một: B9 Bảng nhân 6, bảng chia 6 (tr.28)","Mục lục tập một: B9 Bảng nhân 6, bảng chia 6 (tr.28) — bảng 6; tra bảng / một phép tính trực tiếp",6 × 6 = ?
toan_bang-nhan-chia_q034,bang-nhan-chia,times-6,B9,da-ghi,muc-luc,"Mục lục SGK Toán 3 KNTT tập một: B9 Bảng nhân 6, bảng chia 6 (tr.28)","Mục lục tập một: B9 Bảng nhân 6, bảng chia 6 (tr.28) — bảng 6; tra bảng / một phép tính trực tiếp",6 × 7 = ?
toan_bang-nhan-chia_q035,bang-nhan-chia,times-6,B9,da-ghi,muc-luc,"Mục lục SGK Toán 3 KNTT tập một: B9 Bảng nhân 6, bảng chia 6 (tr.28)","Mục lục tập một: B9 Bảng nhân 6, bảng chia 6 (tr.28) — bảng 6; tra bảng / một phép tính trực tiếp",6 × 8 = ?
toan_bang-nhan-chia_q036,bang-nhan-chia,times-6,B9,da-ghi,muc-luc,"Mục lục SGK Toán 3 KNTT tập một: B9 Bảng nhân 6, bảng chia 6 (tr.28)","Mục lục tập một: B9 Bảng nhân 6, bảng chia 6 (tr.28) — bảng 6; tra bảng / một phép tính trực tiếp",6 × 9 = ?
toan_bang-nhan-chia_q037,bang-nhan-chia,times-6,B9,da-ghi,muc-luc,"Mục lục SGK Toán 3 KNTT tập một: B9 Bảng nhân 6, bảng chia 6 (tr.28)","Mục lục tập một: B9 Bảng nhân 6, bảng chia 6 (tr.28) — bảng 6; tra bảng / một phép tính trực tiếp",6 × 10 = ?
toan_bang-nhan-chia_q038,bang-nhan-chia,times-3,B5,da-ghi,trang-sach,"Mục lục SGK Toán 3 KNTT tập một: B5 Bảng nhân 3, bảng chia 3 (tr.16)",B5 tr.16: 3 × 6 có trong bảng nhân 3 (cùng dạng),3 × 6 = ?
toan_bang-nhan-chia_q039,bang-nhan-chia,times-8,B10,da-ghi,trang-sach,"Mục lục SGK Toán 3 KNTT tập một: B11 Bảng nhân 8, bảng chia 8 (tr.33)","gợi ý đổi về 6 × 8 (bảng 6). B10 tr.32 bài 4a: hoạt động so sánh hai tích đổi chỗ (7 × 2 ? 2 × 7). Không ghi là lần đầu dạy tính chất (tr.18, tr.29 đã có cặp đổi chỗ trong bài tìm phép tính cùng kết quả)",8 × 6 = ?
toan_bang-nhan-chia_q040,bang-nhan-chia,divide-6,B9,da-ghi,muc-luc,"Mục lục SGK Toán 3 KNTT tập một: B9 Bảng nhân 6, bảng chia 6 (tr.28)","Mục lục tập một: B9 Bảng nhân 6, bảng chia 6 (tr.28) — bảng 6; tra bảng / một phép tính trực tiếp",12 : 6 = ?
toan_bang-nhan-chia_q041,bang-nhan-chia,divide-6,B9,da-ghi,muc-luc,"Mục lục SGK Toán 3 KNTT tập một: B9 Bảng nhân 6, bảng chia 6 (tr.28)","Mục lục tập một: B9 Bảng nhân 6, bảng chia 6 (tr.28) — bảng 6; tra bảng / một phép tính trực tiếp",18 : 6 = ?
toan_bang-nhan-chia_q042,bang-nhan-chia,divide-6,B9,da-ghi,muc-luc,"Mục lục SGK Toán 3 KNTT tập một: B9 Bảng nhân 6, bảng chia 6 (tr.28)","Mục lục tập một: B9 Bảng nhân 6, bảng chia 6 (tr.28) — bảng 6; tra bảng / một phép tính trực tiếp",24 : 6 = ?
toan_bang-nhan-chia_q043,bang-nhan-chia,divide-6,B9,da-ghi,muc-luc,"Mục lục SGK Toán 3 KNTT tập một: B9 Bảng nhân 6, bảng chia 6 (tr.28)","Mục lục tập một: B9 Bảng nhân 6, bảng chia 6 (tr.28) — bảng 6; tra bảng / một phép tính trực tiếp",30 : 6 = ?
toan_bang-nhan-chia_q044,bang-nhan-chia,divide-6,B9,da-ghi,muc-luc,"Mục lục SGK Toán 3 KNTT tập một: B9 Bảng nhân 6, bảng chia 6 (tr.28)","Mục lục tập một: B9 Bảng nhân 6, bảng chia 6 (tr.28) — bảng 6; tra bảng / một phép tính trực tiếp",36 : 6 = ?
toan_bang-nhan-chia_q045,bang-nhan-chia,divide-6,B9,da-ghi,muc-luc,"Mục lục SGK Toán 3 KNTT tập một: B9 Bảng nhân 6, bảng chia 6 (tr.28)","Mục lục tập một: B9 Bảng nhân 6, bảng chia 6 (tr.28) — bảng 6; tra bảng / một phép tính trực tiếp",42 : 6 = ?
toan_bang-nhan-chia_q046,bang-nhan-chia,divide-6,B9,da-ghi,muc-luc,"Mục lục SGK Toán 3 KNTT tập một: B9 Bảng nhân 6, bảng chia 6 (tr.28)","Mục lục tập một: B9 Bảng nhân 6, bảng chia 6 (tr.28) — bảng 6; tra bảng / một phép tính trực tiếp",48 : 6 = ?
toan_bang-nhan-chia_q047,bang-nhan-chia,divide-6,B9,da-ghi,muc-luc,"Mục lục SGK Toán 3 KNTT tập một: B9 Bảng nhân 6, bảng chia 6 (tr.28)","Mục lục tập một: B9 Bảng nhân 6, bảng chia 6 (tr.28) — bảng 6; tra bảng / một phép tính trực tiếp",54 : 6 = ?
toan_bang-nhan-chia_q048,bang-nhan-chia,divide-6,B9,da-ghi,muc-luc,"Mục lục SGK Toán 3 KNTT tập một: B9 Bảng nhân 6, bảng chia 6 (tr.28)","Mục lục tập một: B9 Bảng nhân 6, bảng chia 6 (tr.28) — bảng 6; tra bảng / một phép tính trực tiếp",60 : 6 = ?
toan_bang-nhan-chia_q049,bang-nhan-chia,missing-factor,B9,da-ghi,trang-sach,"Mục lục SGK Toán 3 KNTT tập một: B13 Tìm thành phần trong phép nhân, phép chia (tr.39)","B8 tr.26 bài 4a có ô trống 4 × ? = 8, 12 : ? = 3, 3 × ? = 18, 25 : ? = 5 (trước B13) — cùng dạng; bảng 6 (B9)",Số thích hợp điền vào ô trống:  6 × ? = 42
toan_bang-nhan-chia_q050,bang-nhan-chia,missing-factor,B13,da-ghi,trang-sach,"Mục lục SGK Toán 3 KNTT tập một: B13 Tìm thành phần trong phép nhân, phép chia (tr.39)","B13 tr.39: quy tắc tìm thừa số, mẫu ? × 5 = 35, bài ? × 4 = 28 — cùng dạng ? × b = c",Số thích hợp điền vào ô trống:  ? × 6 = 54
toan_bang-nhan-chia_q051,bang-nhan-chia,missing-dividend,B13,da-ghi,trang-sach,"Mục lục SGK Toán 3 KNTT tập một: B13 Tìm thành phần trong phép nhân, phép chia (tr.39)","B13 tr.40–41: quy tắc tìm số bị chia, bài ? : 6 = 7, ? : 4 = 8 — cùng dạng",Số thích hợp điền vào ô trống:  ? : 6 = 8
toan_bang-nhan-chia_q052,bang-nhan-chia,missing-divisor,B8,da-ghi,trang-sach,"Mục lục SGK Toán 3 KNTT tập một: B13 Tìm thành phần trong phép nhân, phép chia (tr.39)","B8 tr.26 bài 4a có ô trống 4 × ? = 8, 12 : ? = 3, 3 × ? = 18, 25 : ? = 5 (trước B13) — cùng dạng; bảng 5 (B4)",Số thích hợp điền vào ô trống:  30 : ? = 5
toan_bang-nhan-chia_q053,bang-nhan-chia,skip-count,B9,da-ghi,trang-sach,"Mục lục SGK Toán 3 KNTT tập một: B9 Bảng nhân 6, bảng chia 6 (tr.28)",B9 tr.29 luyện tập 1a: dãy đếm thêm 6 — cùng dạng,Đếm thêm 6:  6; 12; 18; ...; 30. Số còn thiếu là?
toan_bang-nhan-chia_q054,bang-nhan-chia,skip-count,B9,da-ghi,trang-sach,"Mục lục SGK Toán 3 KNTT tập một: B9 Bảng nhân 6, bảng chia 6 (tr.28)",B9 tr.29 luyện tập 1b: dãy đếm lùi 6 — cùng dạng,Đếm lùi 6:  60; 54; 48; ...; 36. Số còn thiếu là?
toan_bang-nhan-chia_q055,bang-nhan-chia,skip-count,B9,da-ghi,trang-sach,"Mục lục SGK Toán 3 KNTT tập một: B9 Bảng nhân 6, bảng chia 6 (tr.28)",B9 tr.29 luyện tập 1a: dãy đếm thêm 6 — cùng dạng,Ba số tiếp theo của dãy 18; 24; 30; ... là?
toan_bang-nhan-chia_q056,bang-nhan-chia,rel-them-bot,B9,da-ghi,trang-sach,"Mục lục SGK Toán 3 KNTT tập một: B9 Bảng nhân 6, bảng chia 6 (tr.28)","B9 tr.28: ""Thêm 6 vào kết quả của 6 × 2 ta được kết quả của 6 × 3"" — cùng dạng thêm một nhóm",Tính:  6 × 9 + 6 = ?
toan_bang-nhan-chia_q057,bang-nhan-chia,rel-them-bot,B9,da-ghi,trang-sach,"Mục lục SGK Toán 3 KNTT tập một: B9 Bảng nhân 6, bảng chia 6 (tr.28)","B9 tr.28: ""Thêm 6 vào kết quả của 6 × 2…"" — cùng dạng thêm một nhóm",Tính:  6 × 6 + 6 = ?
toan_bang-nhan-chia_q058,bang-nhan-chia,mul-div-relation,B9,da-ghi,trang-sach,"Mục lục SGK Toán 3 KNTT tập một: B9 Bảng nhân 6, bảng chia 6 (tr.28)","B9 tr.29 hoạt động 1c: 6 × 5 → 30 : 6, 30 : 5 (chia cho thừa số kia) — cùng dạng",Biết 6 × 8 = 48. Vậy 48 : 8 = ?
toan_bang-nhan-chia_q059,bang-nhan-chia,compare-quotients,B9,da-ghi,suy-luan,"Mục lục SGK Toán 3 KNTT tập một: B9 Bảng nhân 6, bảng chia 6 (tr.28)",phần bảng 6; số lượng mỗi nhóm quyết định bảng,"Trong các phép chia cho 6, phép nào có kết quả BÉ NHẤT?"
toan_bang-nhan-chia_q060,bang-nhan-chia,word-problem,B9,da-ghi,trang-sach,"Mục lục SGK Toán 3 KNTT tập một: B9 Bảng nhân 6, bảng chia 6 (tr.28)","B9 tr.30 bài 4: mỗi hộp có ? bút, 4 hộp → ? × ? — cùng dạng",Một hộp bút chì màu có 6 chiếc. Hỏi 7 hộp như thế có bao nhiêu chiếc bút chì màu?
toan_bang-nhan-chia_q061,bang-nhan-chia,word-problem,B9,da-ghi,trang-sach,"Mục lục SGK Toán 3 KNTT tập một: B9 Bảng nhân 6, bảng chia 6 (tr.28)",B9 tr.28 khám phá / tr.30 bài 4: mỗi … có 6 — cùng dạng,Mỗi bàn ăn xếp được 6 người. Hỏi 8 bàn như thế xếp được bao nhiêu người?
toan_bang-nhan-chia_q062,bang-nhan-chia,word-problem,B9,da-ghi,trang-sach,"Mục lục SGK Toán 3 KNTT tập một: B9 Bảng nhân 6, bảng chia 6 (tr.28)","B9 tr.28 khám phá: mỗi con bọ rùa có 6 chấm, 4 con — cùng dạng",Một cụm hoa súng có 6 bông. Hỏi 9 cụm hoa như vậy có bao nhiêu bông?
toan_bang-nhan-chia_q063,bang-nhan-chia,word-problem,B9,da-ghi,trang-sach,"Mục lục SGK Toán 3 KNTT tập một: B9 Bảng nhân 6, bảng chia 6 (tr.28)",B9 tr.30 bài 5: thanh gỗ 60 cm cưa thành 6 đoạn bằng nhau — cùng dạng chia đều cho 6,Có 36 quả cam xếp đều vào 6 đĩa. Hỏi mỗi đĩa có bao nhiêu quả cam?
toan_bang-nhan-chia_q064,bang-nhan-chia,word-problem,B9,da-ghi,suy-luan,"Mục lục SGK Toán 3 KNTT tập một: B9 Bảng nhân 6, bảng chia 6 (tr.28)",phần bảng 6; số lượng mỗi nhóm quyết định bảng,"Có 48 học sinh xếp thành các hàng, mỗi hàng 6 bạn. Hỏi xếp được bao nhiêu hàng?"
toan_bang-nhan-chia_q066,bang-nhan-chia,times-7,B10,da-ghi,muc-luc,"Mục lục SGK Toán 3 KNTT tập một: B10 Bảng nhân 7, bảng chia 7 (tr.31)","Mục lục tập một: B10 Bảng nhân 7, bảng chia 7 (tr.31) — bảng 7; tra bảng / một phép tính trực tiếp",7 × 2 = ?
toan_bang-nhan-chia_q067,bang-nhan-chia,times-7,B10,da-ghi,muc-luc,"Mục lục SGK Toán 3 KNTT tập một: B10 Bảng nhân 7, bảng chia 7 (tr.31)","Mục lục tập một: B10 Bảng nhân 7, bảng chia 7 (tr.31) — bảng 7; tra bảng / một phép tính trực tiếp",7 × 3 = ?
toan_bang-nhan-chia_q068,bang-nhan-chia,times-7,B10,da-ghi,muc-luc,"Mục lục SGK Toán 3 KNTT tập một: B10 Bảng nhân 7, bảng chia 7 (tr.31)","Mục lục tập một: B10 Bảng nhân 7, bảng chia 7 (tr.31) — bảng 7; tra bảng / một phép tính trực tiếp",7 × 4 = ?
toan_bang-nhan-chia_q069,bang-nhan-chia,times-7,B10,da-ghi,muc-luc,"Mục lục SGK Toán 3 KNTT tập một: B10 Bảng nhân 7, bảng chia 7 (tr.31)","Mục lục tập một: B10 Bảng nhân 7, bảng chia 7 (tr.31) — bảng 7; tra bảng / một phép tính trực tiếp",7 × 5 = ?
toan_bang-nhan-chia_q070,bang-nhan-chia,times-7,B10,da-ghi,muc-luc,"Mục lục SGK Toán 3 KNTT tập một: B10 Bảng nhân 7, bảng chia 7 (tr.31)","Mục lục tập một: B10 Bảng nhân 7, bảng chia 7 (tr.31) — bảng 7; tra bảng / một phép tính trực tiếp",7 × 6 = ?
toan_bang-nhan-chia_q071,bang-nhan-chia,times-7,B10,da-ghi,muc-luc,"Mục lục SGK Toán 3 KNTT tập một: B10 Bảng nhân 7, bảng chia 7 (tr.31)","Mục lục tập một: B10 Bảng nhân 7, bảng chia 7 (tr.31) — bảng 7; tra bảng / một phép tính trực tiếp",7 × 7 = ?
toan_bang-nhan-chia_q072,bang-nhan-chia,times-7,B10,da-ghi,muc-luc,"Mục lục SGK Toán 3 KNTT tập một: B10 Bảng nhân 7, bảng chia 7 (tr.31)","Mục lục tập một: B10 Bảng nhân 7, bảng chia 7 (tr.31) — bảng 7; tra bảng / một phép tính trực tiếp",7 × 8 = ?
toan_bang-nhan-chia_q073,bang-nhan-chia,times-7,B10,da-ghi,muc-luc,"Mục lục SGK Toán 3 KNTT tập một: B10 Bảng nhân 7, bảng chia 7 (tr.31)","Mục lục tập một: B10 Bảng nhân 7, bảng chia 7 (tr.31) — bảng 7; tra bảng / một phép tính trực tiếp",7 × 9 = ?
toan_bang-nhan-chia_q074,bang-nhan-chia,times-7,B10,da-ghi,muc-luc,"Mục lục SGK Toán 3 KNTT tập một: B10 Bảng nhân 7, bảng chia 7 (tr.31)","Mục lục tập một: B10 Bảng nhân 7, bảng chia 7 (tr.31) — bảng 7; tra bảng / một phép tính trực tiếp",7 × 10 = ?
toan_bang-nhan-chia_q075,bang-nhan-chia,times-5,B4,da-ghi,trang-sach,"Mục lục SGK Toán 3 KNTT tập một: B4 Ôn tập bảng nhân 2, 5, bảng chia 2, 5 (tr.14)",B4 tr.15: 5 × 7 có trong bảng nhân 5 (cùng dạng),5 × 7 = ?
toan_bang-nhan-chia_q076,bang-nhan-chia,times-9,B10,da-ghi,trang-sach,"Mục lục SGK Toán 3 KNTT tập một: B12 Bảng nhân 9, bảng chia 9 (tr.36)","gợi ý đổi về 7 × 9 (bảng 7). B10 tr.32 bài 4a: hoạt động so sánh hai tích đổi chỗ (7 × 2 ? 2 × 7). Không ghi là lần đầu dạy tính chất (tr.18, tr.29 đã có cặp đổi chỗ trong bài tìm phép tính cùng kết quả)",9 × 7 = ?
toan_bang-nhan-chia_q077,bang-nhan-chia,divide-7,B10,da-ghi,muc-luc,"Mục lục SGK Toán 3 KNTT tập một: B10 Bảng nhân 7, bảng chia 7 (tr.31)","Mục lục tập một: B10 Bảng nhân 7, bảng chia 7 (tr.31) — bảng 7; tra bảng / một phép tính trực tiếp",14 : 7 = ?
toan_bang-nhan-chia_q078,bang-nhan-chia,divide-7,B10,da-ghi,muc-luc,"Mục lục SGK Toán 3 KNTT tập một: B10 Bảng nhân 7, bảng chia 7 (tr.31)","Mục lục tập một: B10 Bảng nhân 7, bảng chia 7 (tr.31) — bảng 7; tra bảng / một phép tính trực tiếp",21 : 7 = ?
toan_bang-nhan-chia_q079,bang-nhan-chia,divide-7,B10,da-ghi,muc-luc,"Mục lục SGK Toán 3 KNTT tập một: B10 Bảng nhân 7, bảng chia 7 (tr.31)","Mục lục tập một: B10 Bảng nhân 7, bảng chia 7 (tr.31) — bảng 7; tra bảng / một phép tính trực tiếp",28 : 7 = ?
toan_bang-nhan-chia_q080,bang-nhan-chia,divide-7,B10,da-ghi,muc-luc,"Mục lục SGK Toán 3 KNTT tập một: B10 Bảng nhân 7, bảng chia 7 (tr.31)","Mục lục tập một: B10 Bảng nhân 7, bảng chia 7 (tr.31) — bảng 7; tra bảng / một phép tính trực tiếp",35 : 7 = ?
toan_bang-nhan-chia_q081,bang-nhan-chia,divide-7,B10,da-ghi,muc-luc,"Mục lục SGK Toán 3 KNTT tập một: B10 Bảng nhân 7, bảng chia 7 (tr.31)","Mục lục tập một: B10 Bảng nhân 7, bảng chia 7 (tr.31) — bảng 7; tra bảng / một phép tính trực tiếp",42 : 7 = ?
toan_bang-nhan-chia_q082,bang-nhan-chia,divide-7,B10,da-ghi,muc-luc,"Mục lục SGK Toán 3 KNTT tập một: B10 Bảng nhân 7, bảng chia 7 (tr.31)","Mục lục tập một: B10 Bảng nhân 7, bảng chia 7 (tr.31) — bảng 7; tra bảng / một phép tính trực tiếp",49 : 7 = ?
toan_bang-nhan-chia_q083,bang-nhan-chia,divide-7,B10,da-ghi,muc-luc,"Mục lục SGK Toán 3 KNTT tập một: B10 Bảng nhân 7, bảng chia 7 (tr.31)","Mục lục tập một: B10 Bảng nhân 7, bảng chia 7 (tr.31) — bảng 7; tra bảng / một phép tính trực tiếp",56 : 7 = ?
toan_bang-nhan-chia_q084,bang-nhan-chia,divide-7,B10,da-ghi,muc-luc,"Mục lục SGK Toán 3 KNTT tập một: B10 Bảng nhân 7, bảng chia 7 (tr.31)","Mục lục tập một: B10 Bảng nhân 7, bảng chia 7 (tr.31) — bảng 7; tra bảng / một phép tính trực tiếp",63 : 7 = ?
toan_bang-nhan-chia_q085,bang-nhan-chia,divide-7,B10,da-ghi,muc-luc,"Mục lục SGK Toán 3 KNTT tập một: B10 Bảng nhân 7, bảng chia 7 (tr.31)","Mục lục tập một: B10 Bảng nhân 7, bảng chia 7 (tr.31) — bảng 7; tra bảng / một phép tính trực tiếp",70 : 7 = ?
toan_bang-nhan-chia_q086,bang-nhan-chia,missing-factor,B10,da-ghi,trang-sach,"Mục lục SGK Toán 3 KNTT tập một: B13 Tìm thành phần trong phép nhân, phép chia (tr.39)","B8 tr.26 bài 4a có ô trống 4 × ? = 8, 12 : ? = 3, 3 × ? = 18, 25 : ? = 5 (trước B13) — cùng dạng; bảng 7 (B10)",Số thích hợp điền vào ô trống:  7 × ? = 56
toan_bang-nhan-chia_q087,bang-nhan-chia,missing-factor,B13,da-ghi,trang-sach,"Mục lục SGK Toán 3 KNTT tập một: B13 Tìm thành phần trong phép nhân, phép chia (tr.39)","B13 tr.39: quy tắc tìm thừa số, mẫu ? × 5 = 35, bài ? × 4 = 28 — cùng dạng ? × b = c",Số thích hợp điền vào ô trống:  ? × 7 = 63
toan_bang-nhan-chia_q088,bang-nhan-chia,missing-dividend,B13,da-ghi,trang-sach,"Mục lục SGK Toán 3 KNTT tập một: B13 Tìm thành phần trong phép nhân, phép chia (tr.39)","B13 tr.40–41: quy tắc tìm số bị chia, bài ? : 6 = 7, ? : 4 = 8 — cùng dạng",Số thích hợp điền vào ô trống:  ? : 7 = 6
toan_bang-nhan-chia_q089,bang-nhan-chia,missing-divisor,B8,da-ghi,trang-sach,"Mục lục SGK Toán 3 KNTT tập một: B13 Tìm thành phần trong phép nhân, phép chia (tr.39)","B8 tr.26 bài 4a có ô trống 4 × ? = 8, 12 : ? = 3, 3 × ? = 18, 25 : ? = 5 (trước B13) — cùng dạng; bảng 5 (B4)",Số thích hợp điền vào ô trống:  35 : ? = 5
toan_bang-nhan-chia_q090,bang-nhan-chia,skip-count,B10,da-ghi,trang-sach,"Mục lục SGK Toán 3 KNTT tập một: B10 Bảng nhân 7, bảng chia 7 (tr.31)",B10 tr.32 luyện tập 1a: dãy đếm thêm 7 — cùng dạng,Đếm thêm 7:  7; 14; 21; ...; 35. Số còn thiếu là?
toan_bang-nhan-chia_q091,bang-nhan-chia,skip-count,B10,da-ghi,trang-sach,"Mục lục SGK Toán 3 KNTT tập một: B10 Bảng nhân 7, bảng chia 7 (tr.31)",B10 tr.32 luyện tập 1b: dãy đếm lùi 7 — cùng dạng,Đếm lùi 7:  70; 63; 56; ...; 42. Số còn thiếu là?
toan_bang-nhan-chia_q092,bang-nhan-chia,skip-count,B10,da-ghi,trang-sach,"Mục lục SGK Toán 3 KNTT tập một: B10 Bảng nhân 7, bảng chia 7 (tr.31)",B10 tr.32 luyện tập 1a: dãy đếm thêm 7 — cùng dạng,Ba số tiếp theo của dãy 21; 28; 35; ... là?
toan_bang-nhan-chia_q093,bang-nhan-chia,rel-them-bot,B10,da-ghi,trang-sach,"Mục lục SGK Toán 3 KNTT tập một: B10 Bảng nhân 7, bảng chia 7 (tr.31)","B10 tr.31: ""Thêm 7 vào kết quả của 7 × 2…"" — cùng dạng thêm một nhóm",Tính:  7 × 8 + 7 = ?
toan_bang-nhan-chia_q095,bang-nhan-chia,mul-div-relation,B9,da-ghi,suy-luan,"Mục lục SGK Toán 3 KNTT tập một: B10 Bảng nhân 7, bảng chia 7 (tr.31)",vận dụng quan hệ ở B9 tr.29 bài 1c sang một tích cho sẵn (7 × 9 = 63); không cần tự nhớ bảng 7; không phải câu tương ứng trực tiếp trên trang,Biết 7 × 9 = 63. Vậy 63 : 9 = ?
toan_bang-nhan-chia_q096,bang-nhan-chia,compare-quotients,B10,da-ghi,trang-sach,"Mục lục SGK Toán 3 KNTT tập một: B10 Bảng nhân 7, bảng chia 7 (tr.31)","B10 tr.32 luyện tập 4b: so sánh thương 42 : 7 ? 42 : 6, 56 : 7 ? 49 : 7 — cùng dạng so sánh thương","Trong các phép chia cho 7, phép nào có kết quả LỚN NHẤT?"
toan_bang-nhan-chia_q097,bang-nhan-chia,word-problem,B10,da-ghi,trang-sach,"Mục lục SGK Toán 3 KNTT tập một: B10 Bảng nhân 7, bảng chia 7 (tr.31)","B10 tr.32 hoạt động 3: ""Mỗi tuần lễ có 7 ngày… 4 tuần lễ"" — cùng dạng",Một tuần lễ có 7 ngày. Hỏi 6 tuần lễ có bao nhiêu ngày?
toan_bang-nhan-chia_q098,bang-nhan-chia,word-problem,B10,da-ghi,trang-sach,"Mục lục SGK Toán 3 KNTT tập một: B10 Bảng nhân 7, bảng chia 7 (tr.31)","B10 tr.31 khám phá: mỗi đội có 7 bạn, 2 đội — cùng dạng",Mỗi giỏ có 7 quả cam. Hỏi 8 giỏ như thế có bao nhiêu quả cam?
toan_bang-nhan-chia_q099,bang-nhan-chia,word-problem,B10,da-ghi,trang-sach,"Mục lục SGK Toán 3 KNTT tập một: B10 Bảng nhân 7, bảng chia 7 (tr.31)",B10 tr.31 khám phá: mỗi đội có 7 bạn — cùng dạng,Một tổ có 7 bạn. Hỏi 9 tổ như thế có bao nhiêu bạn?
toan_bang-nhan-chia_q100,bang-nhan-chia,word-problem,B10,da-ghi,trang-sach,"Mục lục SGK Toán 3 KNTT tập một: B10 Bảng nhân 7, bảng chia 7 (tr.31)",B10 tr.32 luyện tập 3: 42 cái cốc xếp đều vào 7 hộp — cùng dạng,Có 49 quyển vở chia đều cho 7 bạn. Hỏi mỗi bạn được bao nhiêu quyển?
toan_bang-nhan-chia_q101,bang-nhan-chia,word-problem,B10,da-ghi,trang-sach,"Mục lục SGK Toán 3 KNTT tập một: B10 Bảng nhân 7, bảng chia 7 (tr.31)",B10 tr.32 luyện tập 3: 42 cái cốc xếp đều vào 7 hộp — cùng dạng,Có 56 bông hoa cắm đều vào 7 lọ. Hỏi mỗi lọ có bao nhiêu bông?
toan_bang-nhan-chia_q103,bang-nhan-chia,times-3,B5,da-ghi,muc-luc,"Mục lục SGK Toán 3 KNTT tập một: B5 Bảng nhân 3, bảng chia 3 (tr.16)","Mục lục tập một: B5 Bảng nhân 3, bảng chia 3 (tr.16) — bảng 3; tra bảng / một phép tính trực tiếp",3 × 8 = ?
toan_bang-nhan-chia_q104,bang-nhan-chia,times-5,B4,da-ghi,muc-luc,"Mục lục SGK Toán 3 KNTT tập một: B4 Ôn tập bảng nhân 2, 5, bảng chia 2, 5 (tr.14)","Mục lục tập một: B4 Ôn tập bảng nhân 2, 5, bảng chia 2, 5 (tr.14) — bảng 5; tra bảng / một phép tính trực tiếp",5 × 9 = ?
toan_bang-nhan-chia_q105,bang-nhan-chia,table-product-membership,B10,da-ghi,suy-luan,"Mục lục SGK Toán 3 KNTT tập một: B10 Bảng nhân 7, bảng chia 7 (tr.31)","các phương án dùng bảng 4, 5, 6, 7",Số 42 có trong bảng nhân nào dưới đây?
toan_bang-nhan-chia_q106,bang-nhan-chia,common-table-product,B9,da-ghi,suy-luan,"Mục lục SGK Toán 3 KNTT tập một: B10 Bảng nhân 7, bảng chia 7 (tr.31)",tìm số có trong cả bảng 4 và bảng 6; không cần bảng 7,"Số nào vừa có trong bảng nhân 4, vừa có trong bảng nhân 6?"
toan_bang-nhan-chia_q107,bang-nhan-chia,cmp-tich,B10,da-ghi,trang-sach,"Mục lục SGK Toán 3 KNTT tập một: B10 Bảng nhân 7, bảng chia 7 (tr.31)","cùng dạng: chọn hai tích đổi chỗ có cùng kết quả. B10 tr.32 bài 4a: hoạt động so sánh hai tích đổi chỗ (7 × 2 ? 2 × 7). Không ghi là lần đầu dạy tính chất (tr.18, tr.29 đã có cặp đổi chỗ trong bài tìm phép tính cùng kết quả)",Hai phép tính nào dưới đây có CÙNG kết quả?
toan_bang-nhan-chia_q108,bang-nhan-chia,cmp-tich,B10,da-ghi,suy-luan,"Mục lục SGK Toán 3 KNTT tập một: B10 Bảng nhân 7, bảng chia 7 (tr.31)","phương án 6×7, 7×5, 4×8, 6×6: cần bảng 4, 6, 7",Phép tính nào dưới đây có kết quả bằng 36?
toan_bang-nhan-chia_q109,bang-nhan-chia,cmp-tich,B10,da-ghi,trang-sach,"Mục lục SGK Toán 3 KNTT tập một: B10 Bảng nhân 7, bảng chia 7 (tr.31)","cùng dạng: tích bằng tích đổi chỗ. B10 tr.32 bài 4a: hoạt động so sánh hai tích đổi chỗ (7 × 2 ? 2 × 7). Không ghi là lần đầu dạy tính chất (tr.18, tr.29 đã có cặp đổi chỗ trong bài tìm phép tính cùng kết quả)",Phép tính nào có kết quả BẰNG 6 × 7?
toan_bang-nhan-chia_q110,bang-nhan-chia,cmp-tich,B10,da-ghi,suy-luan,"Mục lục SGK Toán 3 KNTT tập một: B10 Bảng nhân 7, bảng chia 7 (tr.31)","phương án 6×8, 7×7, 6×9, 7×8: cần bảng 6, 7",Phép nhân nào dưới đây có kết quả lớn nhất?
toan_bang-nhan-chia_q111,bang-nhan-chia,word-problem,B6,da-ghi,suy-luan,"Mục lục SGK Toán 3 KNTT tập một: B10 Bảng nhân 7, bảng chia 7 (tr.31)","mỗi buổi 4 tiết, 6 buổi → 4 × 6 (số lượng mỗi nhóm quyết định bảng)","Mỗi tuần Thỏ học 6 buổi, mỗi buổi 4 tiết. Hỏi mỗi tuần Thỏ học bao nhiêu tiết?"
toan_bang-nhan-chia_q113,bang-nhan-chia,times-8,B11,da-ghi,muc-luc,"Mục lục SGK Toán 3 KNTT tập một: B11 Bảng nhân 8, bảng chia 8 (tr.33)","Mục lục tập một: B11 Bảng nhân 8, bảng chia 8 (tr.33) — bảng 8; tra bảng / một phép tính trực tiếp",8 × 2 = ?
toan_bang-nhan-chia_q114,bang-nhan-chia,times-8,B11,da-ghi,muc-luc,"Mục lục SGK Toán 3 KNTT tập một: B11 Bảng nhân 8, bảng chia 8 (tr.33)","Mục lục tập một: B11 Bảng nhân 8, bảng chia 8 (tr.33) — bảng 8; tra bảng / một phép tính trực tiếp",8 × 3 = ?
toan_bang-nhan-chia_q115,bang-nhan-chia,times-8,B11,da-ghi,muc-luc,"Mục lục SGK Toán 3 KNTT tập một: B11 Bảng nhân 8, bảng chia 8 (tr.33)","Mục lục tập một: B11 Bảng nhân 8, bảng chia 8 (tr.33) — bảng 8; tra bảng / một phép tính trực tiếp",8 × 4 = ?
toan_bang-nhan-chia_q116,bang-nhan-chia,times-8,B11,da-ghi,muc-luc,"Mục lục SGK Toán 3 KNTT tập một: B11 Bảng nhân 8, bảng chia 8 (tr.33)","Mục lục tập một: B11 Bảng nhân 8, bảng chia 8 (tr.33) — bảng 8; tra bảng / một phép tính trực tiếp",8 × 5 = ?
toan_bang-nhan-chia_q117,bang-nhan-chia,times-8,B11,da-ghi,muc-luc,"Mục lục SGK Toán 3 KNTT tập một: B11 Bảng nhân 8, bảng chia 8 (tr.33)","Mục lục tập một: B11 Bảng nhân 8, bảng chia 8 (tr.33) — bảng 8; tra bảng / một phép tính trực tiếp",8 × 6 = ?
toan_bang-nhan-chia_q118,bang-nhan-chia,times-8,B11,da-ghi,muc-luc,"Mục lục SGK Toán 3 KNTT tập một: B11 Bảng nhân 8, bảng chia 8 (tr.33)","Mục lục tập một: B11 Bảng nhân 8, bảng chia 8 (tr.33) — bảng 8; tra bảng / một phép tính trực tiếp",8 × 7 = ?
toan_bang-nhan-chia_q119,bang-nhan-chia,times-8,B11,da-ghi,muc-luc,"Mục lục SGK Toán 3 KNTT tập một: B11 Bảng nhân 8, bảng chia 8 (tr.33)","Mục lục tập một: B11 Bảng nhân 8, bảng chia 8 (tr.33) — bảng 8; tra bảng / một phép tính trực tiếp",8 × 8 = ?
toan_bang-nhan-chia_q120,bang-nhan-chia,times-8,B11,da-ghi,muc-luc,"Mục lục SGK Toán 3 KNTT tập một: B11 Bảng nhân 8, bảng chia 8 (tr.33)","Mục lục tập một: B11 Bảng nhân 8, bảng chia 8 (tr.33) — bảng 8; tra bảng / một phép tính trực tiếp",8 × 9 = ?
toan_bang-nhan-chia_q121,bang-nhan-chia,times-8,B11,da-ghi,muc-luc,"Mục lục SGK Toán 3 KNTT tập một: B11 Bảng nhân 8, bảng chia 8 (tr.33)","Mục lục tập một: B11 Bảng nhân 8, bảng chia 8 (tr.33) — bảng 8; tra bảng / một phép tính trực tiếp",8 × 10 = ?
toan_bang-nhan-chia_q122,bang-nhan-chia,divide-8,B11,da-ghi,muc-luc,"Mục lục SGK Toán 3 KNTT tập một: B11 Bảng nhân 8, bảng chia 8 (tr.33)","Mục lục tập một: B11 Bảng nhân 8, bảng chia 8 (tr.33) — bảng 8; tra bảng / một phép tính trực tiếp",16 : 8 = ?
toan_bang-nhan-chia_q123,bang-nhan-chia,divide-8,B11,da-ghi,muc-luc,"Mục lục SGK Toán 3 KNTT tập một: B11 Bảng nhân 8, bảng chia 8 (tr.33)","Mục lục tập một: B11 Bảng nhân 8, bảng chia 8 (tr.33) — bảng 8; tra bảng / một phép tính trực tiếp",24 : 8 = ?
toan_bang-nhan-chia_q124,bang-nhan-chia,divide-8,B11,da-ghi,muc-luc,"Mục lục SGK Toán 3 KNTT tập một: B11 Bảng nhân 8, bảng chia 8 (tr.33)","Mục lục tập một: B11 Bảng nhân 8, bảng chia 8 (tr.33) — bảng 8; tra bảng / một phép tính trực tiếp",32 : 8 = ?
toan_bang-nhan-chia_q125,bang-nhan-chia,divide-8,B11,da-ghi,muc-luc,"Mục lục SGK Toán 3 KNTT tập một: B11 Bảng nhân 8, bảng chia 8 (tr.33)","Mục lục tập một: B11 Bảng nhân 8, bảng chia 8 (tr.33) — bảng 8; tra bảng / một phép tính trực tiếp",40 : 8 = ?
toan_bang-nhan-chia_q126,bang-nhan-chia,divide-8,B11,da-ghi,muc-luc,"Mục lục SGK Toán 3 KNTT tập một: B11 Bảng nhân 8, bảng chia 8 (tr.33)","Mục lục tập một: B11 Bảng nhân 8, bảng chia 8 (tr.33) — bảng 8; tra bảng / một phép tính trực tiếp",48 : 8 = ?
toan_bang-nhan-chia_q127,bang-nhan-chia,divide-8,B11,da-ghi,muc-luc,"Mục lục SGK Toán 3 KNTT tập một: B11 Bảng nhân 8, bảng chia 8 (tr.33)","Mục lục tập một: B11 Bảng nhân 8, bảng chia 8 (tr.33) — bảng 8; tra bảng / một phép tính trực tiếp",56 : 8 = ?
toan_bang-nhan-chia_q128,bang-nhan-chia,divide-8,B11,da-ghi,muc-luc,"Mục lục SGK Toán 3 KNTT tập một: B11 Bảng nhân 8, bảng chia 8 (tr.33)","Mục lục tập một: B11 Bảng nhân 8, bảng chia 8 (tr.33) — bảng 8; tra bảng / một phép tính trực tiếp",64 : 8 = ?
toan_bang-nhan-chia_q129,bang-nhan-chia,divide-8,B11,da-ghi,muc-luc,"Mục lục SGK Toán 3 KNTT tập một: B11 Bảng nhân 8, bảng chia 8 (tr.33)","Mục lục tập một: B11 Bảng nhân 8, bảng chia 8 (tr.33) — bảng 8; tra bảng / một phép tính trực tiếp",72 : 8 = ?
toan_bang-nhan-chia_q130,bang-nhan-chia,divide-8,B11,da-ghi,muc-luc,"Mục lục SGK Toán 3 KNTT tập một: B11 Bảng nhân 8, bảng chia 8 (tr.33)","Mục lục tập một: B11 Bảng nhân 8, bảng chia 8 (tr.33) — bảng 8; tra bảng / một phép tính trực tiếp",80 : 8 = ?
toan_bang-nhan-chia_q131,bang-nhan-chia,times-9,B12,da-ghi,muc-luc,"Mục lục SGK Toán 3 KNTT tập một: B12 Bảng nhân 9, bảng chia 9 (tr.36)","Mục lục tập một: B12 Bảng nhân 9, bảng chia 9 (tr.36) — bảng 9; tra bảng / một phép tính trực tiếp",9 × 2 = ?
toan_bang-nhan-chia_q132,bang-nhan-chia,times-9,B12,da-ghi,muc-luc,"Mục lục SGK Toán 3 KNTT tập một: B12 Bảng nhân 9, bảng chia 9 (tr.36)","Mục lục tập một: B12 Bảng nhân 9, bảng chia 9 (tr.36) — bảng 9; tra bảng / một phép tính trực tiếp",9 × 3 = ?
toan_bang-nhan-chia_q133,bang-nhan-chia,times-9,B12,da-ghi,muc-luc,"Mục lục SGK Toán 3 KNTT tập một: B12 Bảng nhân 9, bảng chia 9 (tr.36)","Mục lục tập một: B12 Bảng nhân 9, bảng chia 9 (tr.36) — bảng 9; tra bảng / một phép tính trực tiếp",9 × 4 = ?
toan_bang-nhan-chia_q134,bang-nhan-chia,times-9,B12,da-ghi,muc-luc,"Mục lục SGK Toán 3 KNTT tập một: B12 Bảng nhân 9, bảng chia 9 (tr.36)","Mục lục tập một: B12 Bảng nhân 9, bảng chia 9 (tr.36) — bảng 9; tra bảng / một phép tính trực tiếp",9 × 5 = ?
toan_bang-nhan-chia_q135,bang-nhan-chia,times-9,B12,da-ghi,muc-luc,"Mục lục SGK Toán 3 KNTT tập một: B12 Bảng nhân 9, bảng chia 9 (tr.36)","Mục lục tập một: B12 Bảng nhân 9, bảng chia 9 (tr.36) — bảng 9; tra bảng / một phép tính trực tiếp",9 × 6 = ?
toan_bang-nhan-chia_q136,bang-nhan-chia,times-9,B12,da-ghi,muc-luc,"Mục lục SGK Toán 3 KNTT tập một: B12 Bảng nhân 9, bảng chia 9 (tr.36)","Mục lục tập một: B12 Bảng nhân 9, bảng chia 9 (tr.36) — bảng 9; tra bảng / một phép tính trực tiếp",9 × 7 = ?
toan_bang-nhan-chia_q137,bang-nhan-chia,times-9,B12,da-ghi,muc-luc,"Mục lục SGK Toán 3 KNTT tập một: B12 Bảng nhân 9, bảng chia 9 (tr.36)","Mục lục tập một: B12 Bảng nhân 9, bảng chia 9 (tr.36) — bảng 9; tra bảng / một phép tính trực tiếp",9 × 8 = ?
toan_bang-nhan-chia_q138,bang-nhan-chia,times-9,B12,da-ghi,muc-luc,"Mục lục SGK Toán 3 KNTT tập một: B12 Bảng nhân 9, bảng chia 9 (tr.36)","Mục lục tập một: B12 Bảng nhân 9, bảng chia 9 (tr.36) — bảng 9; tra bảng / một phép tính trực tiếp",9 × 9 = ?
toan_bang-nhan-chia_q139,bang-nhan-chia,times-9,B12,da-ghi,muc-luc,"Mục lục SGK Toán 3 KNTT tập một: B12 Bảng nhân 9, bảng chia 9 (tr.36)","Mục lục tập một: B12 Bảng nhân 9, bảng chia 9 (tr.36) — bảng 9; tra bảng / một phép tính trực tiếp",9 × 10 = ?
toan_bang-nhan-chia_q140,bang-nhan-chia,divide-9,B12,da-ghi,muc-luc,"Mục lục SGK Toán 3 KNTT tập một: B12 Bảng nhân 9, bảng chia 9 (tr.36)","Mục lục tập một: B12 Bảng nhân 9, bảng chia 9 (tr.36) — bảng 9; tra bảng / một phép tính trực tiếp",18 : 9 = ?
toan_bang-nhan-chia_q141,bang-nhan-chia,divide-9,B12,da-ghi,muc-luc,"Mục lục SGK Toán 3 KNTT tập một: B12 Bảng nhân 9, bảng chia 9 (tr.36)","Mục lục tập một: B12 Bảng nhân 9, bảng chia 9 (tr.36) — bảng 9; tra bảng / một phép tính trực tiếp",27 : 9 = ?
toan_bang-nhan-chia_q142,bang-nhan-chia,divide-9,B12,da-ghi,muc-luc,"Mục lục SGK Toán 3 KNTT tập một: B12 Bảng nhân 9, bảng chia 9 (tr.36)","Mục lục tập một: B12 Bảng nhân 9, bảng chia 9 (tr.36) — bảng 9; tra bảng / một phép tính trực tiếp",36 : 9 = ?
toan_bang-nhan-chia_q143,bang-nhan-chia,divide-9,B12,da-ghi,muc-luc,"Mục lục SGK Toán 3 KNTT tập một: B12 Bảng nhân 9, bảng chia 9 (tr.36)","Mục lục tập một: B12 Bảng nhân 9, bảng chia 9 (tr.36) — bảng 9; tra bảng / một phép tính trực tiếp",45 : 9 = ?
toan_bang-nhan-chia_q144,bang-nhan-chia,divide-9,B12,da-ghi,muc-luc,"Mục lục SGK Toán 3 KNTT tập một: B12 Bảng nhân 9, bảng chia 9 (tr.36)","Mục lục tập một: B12 Bảng nhân 9, bảng chia 9 (tr.36) — bảng 9; tra bảng / một phép tính trực tiếp",54 : 9 = ?
toan_bang-nhan-chia_q145,bang-nhan-chia,divide-9,B12,da-ghi,muc-luc,"Mục lục SGK Toán 3 KNTT tập một: B12 Bảng nhân 9, bảng chia 9 (tr.36)","Mục lục tập một: B12 Bảng nhân 9, bảng chia 9 (tr.36) — bảng 9; tra bảng / một phép tính trực tiếp",63 : 9 = ?
toan_bang-nhan-chia_q146,bang-nhan-chia,divide-9,B12,da-ghi,muc-luc,"Mục lục SGK Toán 3 KNTT tập một: B12 Bảng nhân 9, bảng chia 9 (tr.36)","Mục lục tập một: B12 Bảng nhân 9, bảng chia 9 (tr.36) — bảng 9; tra bảng / một phép tính trực tiếp",72 : 9 = ?
toan_bang-nhan-chia_q147,bang-nhan-chia,divide-9,B12,da-ghi,muc-luc,"Mục lục SGK Toán 3 KNTT tập một: B12 Bảng nhân 9, bảng chia 9 (tr.36)","Mục lục tập một: B12 Bảng nhân 9, bảng chia 9 (tr.36) — bảng 9; tra bảng / một phép tính trực tiếp",81 : 9 = ?
toan_bang-nhan-chia_q148,bang-nhan-chia,divide-9,B12,da-ghi,muc-luc,"Mục lục SGK Toán 3 KNTT tập một: B12 Bảng nhân 9, bảng chia 9 (tr.36)","Mục lục tập một: B12 Bảng nhân 9, bảng chia 9 (tr.36) — bảng 9; tra bảng / một phép tính trực tiếp",90 : 9 = ?
toan_bang-nhan-chia_q149,bang-nhan-chia,word-problem,B11,da-ghi,trang-sach,"Mục lục SGK Toán 3 KNTT tập một: B11 Bảng nhân 8, bảng chia 8 (tr.33)",B11 tr.34 hoạt động 2: mỗi hộp bút có 8 chiếc — cùng dạng,Mỗi túi có 8 cái kẹo. Hỏi 6 túi có bao nhiêu cái kẹo?
toan_bang-nhan-chia_q150,bang-nhan-chia,word-problem,B12,da-ghi,trang-sach,"Mục lục SGK Toán 3 KNTT tập một: B12 Bảng nhân 9, bảng chia 9 (tr.36)",B12 tr.37 luyện tập 4: chia đều 45 l vào 9 can — cùng dạng chia đều cho 9,Có 81 quả cam xếp đều vào 9 đĩa. Hỏi mỗi đĩa có bao nhiêu quả?
toan_bang-nhan-chia_q151,bang-nhan-chia,word-problem,B11,da-ghi,trang-sach,"Mục lục SGK Toán 3 KNTT tập một: B11 Bảng nhân 8, bảng chia 8 (tr.33)","B11 tr.34 hoạt động 2: mỗi … có 8, hỏi n … — cùng dạng",Mỗi tuần Thỏ học 8 tiết Toán. Hỏi 4 tuần Thỏ học bao nhiêu tiết Toán?
toan_bang-nhan-chia_q152,bang-nhan-chia,word-problem,B12,da-ghi,suy-luan,"Mục lục SGK Toán 3 KNTT tập một: B12 Bảng nhân 9, bảng chia 9 (tr.36)",72 : 9 → bảng chia 9,"Có 72 học sinh xếp thành các hàng, mỗi hàng 9 bạn. Hỏi xếp được mấy hàng?"
toan_phan-so-don-gian_q001,phan-so-don-gian,unit-fraction,B14,da-ghi,trang-sach,Mục lục SGK Toán 3 KNTT tập một: B14 Một phần mấy (tr.42),"B14 tr.42 khám phá: chia bánh / hình tròn thành phần bằng nhau, lấy một phần — cùng dạng (web bằng lời, không hình)",Một cái bánh được chia làm 2 phần bằng nhau. Lấy ra 1 phần. Phần lấy ra bằng mấy phần của cái bánh?
toan_phan-so-don-gian_q002,phan-so-don-gian,unit-fraction,B14,da-ghi,trang-sach,Mục lục SGK Toán 3 KNTT tập một: B14 Một phần mấy (tr.42),"B14 tr.42 khám phá: chia bánh / hình tròn thành phần bằng nhau, lấy một phần — cùng dạng (web bằng lời, không hình)",Một cái bánh được chia làm 3 phần bằng nhau. Lấy ra 1 phần. Phần lấy ra bằng mấy phần của cái bánh?
toan_phan-so-don-gian_q003,phan-so-don-gian,unit-fraction,B14,da-ghi,trang-sach,Mục lục SGK Toán 3 KNTT tập một: B14 Một phần mấy (tr.42),"B14 tr.42 khám phá: chia bánh / hình tròn thành phần bằng nhau, lấy một phần — cùng dạng (web bằng lời, không hình)",Một cái bánh được chia làm 4 phần bằng nhau. Lấy ra 1 phần. Phần lấy ra bằng mấy phần của cái bánh?
toan_phan-so-don-gian_q004,phan-so-don-gian,unit-fraction,B14,da-ghi,trang-sach,Mục lục SGK Toán 3 KNTT tập một: B14 Một phần mấy (tr.42),"B14 tr.42 khám phá: chia bánh / hình tròn thành phần bằng nhau, lấy một phần — cùng dạng (web bằng lời, không hình)",Một cái bánh được chia làm 5 phần bằng nhau. Lấy ra 1 phần. Phần lấy ra bằng mấy phần của cái bánh?
toan_phan-so-don-gian_q005,phan-so-don-gian,unit-fraction,B14,da-ghi,trang-sach,Mục lục SGK Toán 3 KNTT tập một: B14 Một phần mấy (tr.42),"B14 tr.42 khám phá: chia bánh / hình tròn thành phần bằng nhau, lấy một phần — cùng dạng (web bằng lời, không hình)",Một cái bánh được chia làm 6 phần bằng nhau. Lấy ra 1 phần. Phần lấy ra bằng mấy phần của cái bánh?
toan_phan-so-don-gian_q006,phan-so-don-gian,unit-fraction,B14,da-ghi,trang-sach,Mục lục SGK Toán 3 KNTT tập một: B14 Một phần mấy (tr.42),"B14 tr.42 khám phá: chia bánh / hình tròn thành phần bằng nhau, lấy một phần — cùng dạng (web bằng lời, không hình)",Một cái bánh được chia làm 8 phần bằng nhau. Lấy ra 1 phần. Phần lấy ra bằng mấy phần của cái bánh?
toan_phan-so-don-gian_q007,phan-so-don-gian,unit-fraction-read,B14,da-ghi,trang-sach,Mục lục SGK Toán 3 KNTT tập một: B14 Một phần mấy (tr.42),B14 tr.43 bài 2: chọn cách đọc một phần mấy — cùng dạng,1/3 đọc là:
toan_phan-so-don-gian_q008,phan-so-don-gian,unit-fraction-read,B14,da-ghi,trang-sach,Mục lục SGK Toán 3 KNTT tập một: B14 Một phần mấy (tr.42),B14 tr.43 bài 2: chọn cách đọc một phần mấy — cùng dạng,1/5 đọc là:
toan_phan-so-don-gian_q009,phan-so-don-gian,unit-fraction-read,B14,da-ghi,trang-sach,Mục lục SGK Toán 3 KNTT tập một: B14 Một phần mấy (tr.42),B14 tr.43 bài 2: chọn cách đọc một phần mấy — cùng dạng,1/7 đọc là:
toan_phan-so-don-gian_q010,phan-so-don-gian,unit-fraction-read,B14,da-ghi,trang-sach,Mục lục SGK Toán 3 KNTT tập một: B14 Một phần mấy (tr.42),B14 tr.43 bài 2: chọn cách đọc một phần mấy — cùng dạng,1/9 đọc là:
toan_phan-so-don-gian_q011,phan-so-don-gian,fraction-of,B14,da-ghi,trang-sach,Mục lục SGK Toán 3 KNTT tập một: B14 Một phần mấy (tr.42),"B14 tr.45 bài 4: chia 12 quả cam thành 3 phần bằng nhau, 1/3 số quả cam là ? — câu web mở rộng số liệu (dùng bảng chia đến B12) và không có hình",1/2 của 18 là:
toan_phan-so-don-gian_q012,phan-so-don-gian,fraction-of,B14,da-ghi,trang-sach,Mục lục SGK Toán 3 KNTT tập một: B14 Một phần mấy (tr.42),"B14 tr.45 bài 4: chia 12 quả cam thành 3 phần bằng nhau, 1/3 số quả cam là ? — câu web mở rộng số liệu (dùng bảng chia đến B12) và không có hình",1/3 của 12 là:
toan_phan-so-don-gian_q013,phan-so-don-gian,fraction-of,B14,da-ghi,trang-sach,Mục lục SGK Toán 3 KNTT tập một: B14 Một phần mấy (tr.42),"B14 tr.45 bài 4: chia 12 quả cam thành 3 phần bằng nhau, 1/3 số quả cam là ? — câu web mở rộng số liệu (dùng bảng chia đến B12) và không có hình",1/4 của 24 là:
toan_phan-so-don-gian_q014,phan-so-don-gian,fraction-of,B14,da-ghi,trang-sach,Mục lục SGK Toán 3 KNTT tập một: B14 Một phần mấy (tr.42),"B14 tr.45 bài 4: chia 12 quả cam thành 3 phần bằng nhau, 1/3 số quả cam là ? — câu web mở rộng số liệu (dùng bảng chia đến B12) và không có hình",1/5 của 35 là:
toan_phan-so-don-gian_q015,phan-so-don-gian,fraction-of,B14,da-ghi,trang-sach,Mục lục SGK Toán 3 KNTT tập một: B14 Một phần mấy (tr.42),"B14 tr.45 bài 4: chia 12 quả cam thành 3 phần bằng nhau, 1/3 số quả cam là ? — câu web mở rộng số liệu (dùng bảng chia đến B12) và không có hình",1/6 của 42 là:
toan_phan-so-don-gian_q016,phan-so-don-gian,fraction-of,B14,da-ghi,trang-sach,Mục lục SGK Toán 3 KNTT tập một: B14 Một phần mấy (tr.42),"B14 tr.45 bài 4: chia 12 quả cam thành 3 phần bằng nhau, 1/3 số quả cam là ? — câu web mở rộng số liệu (dùng bảng chia đến B12) và không có hình",1/7 của 56 là:
toan_phan-so-don-gian_q017,phan-so-don-gian,fraction-of,B14,da-ghi,trang-sach,Mục lục SGK Toán 3 KNTT tập một: B14 Một phần mấy (tr.42),"B14 tr.45 bài 4: chia 12 quả cam thành 3 phần bằng nhau, 1/3 số quả cam là ? — câu web mở rộng số liệu (dùng bảng chia đến B12) và không có hình",1/8 của 64 là:
toan_phan-so-don-gian_q018,phan-so-don-gian,fraction-of,B14,da-ghi,trang-sach,Mục lục SGK Toán 3 KNTT tập một: B14 Một phần mấy (tr.42),"B14 tr.45 bài 4: chia 12 quả cam thành 3 phần bằng nhau, 1/3 số quả cam là ? — câu web mở rộng số liệu (dùng bảng chia đến B12) và không có hình",1/9 của 81 là:
toan_phan-so-don-gian_q019,phan-so-don-gian,fraction-of,B14,da-ghi,trang-sach,Mục lục SGK Toán 3 KNTT tập một: B14 Một phần mấy (tr.42),"B14 tr.45 bài 4: chia 12 quả cam thành 3 phần bằng nhau, 1/3 số quả cam là ? — câu web mở rộng số liệu (dùng bảng chia đến B12) và không có hình",1/3 của 27 là:
toan_phan-so-don-gian_q020,phan-so-don-gian,fraction-of,B14,da-ghi,trang-sach,Mục lục SGK Toán 3 KNTT tập một: B14 Một phần mấy (tr.42),"B14 tr.45 bài 4: chia 12 quả cam thành 3 phần bằng nhau, 1/3 số quả cam là ? — câu web mở rộng số liệu (dùng bảng chia đến B12) và không có hình",1/4 của 36 là:
toan_phan-so-don-gian_q021,phan-so-don-gian,word-problem,B14,da-ghi,trang-sach,Mục lục SGK Toán 3 KNTT tập một: B14 Một phần mấy (tr.42),"B14 tr.45 bài 4: chia 12 quả cam thành 3 phần bằng nhau, 1/3 số quả cam là ? — câu web mở rộng số liệu (dùng bảng chia đến B12) và không có hình","Có 24 cái kẹo, Thỏ cho em 1/4 số kẹo. Hỏi em được mấy cái kẹo?"
toan_phan-so-don-gian_q022,phan-so-don-gian,word-problem,B14,da-ghi,trang-sach,Mục lục SGK Toán 3 KNTT tập một: B14 Một phần mấy (tr.42),"B14 tr.45 bài 4: chia 12 quả cam thành 3 phần bằng nhau, 1/3 số quả cam là ? — câu web mở rộng số liệu (dùng bảng chia đến B12) và không có hình","Lớp có 35 bạn, 1/5 số bạn đi bơi. Hỏi có mấy bạn đi bơi?"
toan_phan-so-don-gian_q023,phan-so-don-gian,word-problem,B14,da-ghi,trang-sach,Mục lục SGK Toán 3 KNTT tập một: B14 Một phần mấy (tr.42),"B14 tr.45 bài 4: chia 12 quả cam thành 3 phần bằng nhau, 1/3 số quả cam là ? — câu web mở rộng số liệu (dùng bảng chia đến B12) và không có hình",Sợi dây dài 48 cm. Cắt đi 1/6 sợi dây. Đoạn cắt đi dài bao nhiêu xăng-ti-mét?
toan_phan-so-don-gian_q024,phan-so-don-gian,word-problem,B14,da-ghi,trang-sach,Mục lục SGK Toán 3 KNTT tập một: B14 Một phần mấy (tr.42),"B14 tr.45 bài 4: chia 12 quả cam thành 3 phần bằng nhau, 1/3 số quả cam là ? — câu web mở rộng số liệu (dùng bảng chia đến B12) và không có hình","Mẹ có 63 quả trứng, đã dùng 1/7 số trứng. Hỏi mẹ đã dùng mấy quả trứng?"
toan_phan-so-don-gian_q027,phan-so-don-gian,fraction-of,B14,da-ghi,trang-sach,Mục lục SGK Toán 3 KNTT tập một: B14 Một phần mấy (tr.42),"B14 tr.45 bài 4: chia 12 quả cam thành 3 phần bằng nhau, 1/3 số quả cam là ? — câu web mở rộng số liệu (dùng bảng chia đến B12) và không có hình","Mẹ nuôi 45 con gà, hôm qua bán đi 1/9 số gà. Hỏi mẹ đã bán bao nhiêu con gà?"
toan_phan-so-don-gian_q028,phan-so-don-gian,fraction-of,B14,da-ghi,trang-sach,Mục lục SGK Toán 3 KNTT tập một: B14 Một phần mấy (tr.42),"B14 tr.45 bài 4: chia 12 quả cam thành 3 phần bằng nhau, 1/3 số quả cam là ? — câu web mở rộng số liệu (dùng bảng chia đến B12) và không có hình","Cửa hàng có 30 kg lạc. Sau khi bán, cửa hàng còn lại 1/3 số lạc. Hỏi cửa hàng còn lại bao nhiêu ki-lô-gam lạc?"
toan_phan-so-don-gian_q029,phan-so-don-gian,tim-phan,B14,da-ghi,suy-luan,,"B14 tr.43 bài 3, tr.45 bài 3: nhận ra phần khoanh là 1/4, 1/3 qua hình; câu web chuyển sang suy luận bằng lời (chia toàn bộ thành các nhóm bằng nhau) — khó hơn câu có hình, không trùng dạng nguyên văn",Có 18 quả cam. 9 quả cam là mấy phần của số cam?
toan_phan-so-don-gian_q030,phan-so-don-gian,tim-phan,B14,da-ghi,suy-luan,,"B14 tr.43 bài 3, tr.45 bài 3: nhận ra phần khoanh là 1/4, 1/3 qua hình; câu web chuyển sang suy luận bằng lời (chia toàn bộ thành các nhóm bằng nhau) — khó hơn câu có hình, không trùng dạng nguyên văn",Có 12 quả dâu. 2 quả dâu là mấy phần của số dâu?
toan_phan-so-don-gian_q031,phan-so-don-gian,fraction-of,B14,da-ghi,trang-sach,Mục lục SGK Toán 3 KNTT tập một: B14 Một phần mấy (tr.42),"B14 tr.45 bài 4: chia 12 quả cam thành 3 phần bằng nhau, 1/3 số quả cam là ? — câu web mở rộng số liệu (dùng bảng chia đến B12) và không có hình",Có 18 quả cam. Bao nhiêu quả cam là 1/9 số cam?
toan_do-luong_q002,do-luong,convert,,nen,nen,Mục lục SGK Toán 3 KNTT tập một: B7 Ôn tập hình học và đo lường (tr.21),"kiến thức lớp 2 (m, dm, km, cm). Đã xem B7 tr.21–23: không có đổi đơn vị độ dài; cm ở đường gấp khúc không đủ làm căn cứ",1 m = ? cm
toan_do-luong_q003,do-luong,convert,,nen,nen,Mục lục SGK Toán 3 KNTT tập một: B7 Ôn tập hình học và đo lường (tr.21),"kiến thức lớp 2 (m, dm, km, cm). Đã xem B7 tr.21–23: không có đổi đơn vị độ dài; cm ở đường gấp khúc không đủ làm căn cứ",1 km = ? m
toan_do-luong_q011,do-luong,convert,,nen,nen,Mục lục SGK Toán 3 KNTT tập một: B7 Ôn tập hình học và đo lường (tr.21),"kiến thức lớp 2 (m, dm, km, cm). Đã xem B7 tr.21–23: không có đổi đơn vị độ dài; cm ở đường gấp khúc không đủ làm căn cứ",8 dm = ? cm
toan_do-luong_q015,do-luong,compare,,nen,nen,Mục lục SGK Toán 3 KNTT tập một: B7 Ôn tập hình học và đo lường (tr.21),"kiến thức lớp 2 (m, dm, km, cm). Đã xem B7 tr.21–23: không có đổi đơn vị độ dài; cm ở đường gấp khúc không đủ làm căn cứ",Chọn dấu thích hợp: 1 m ... 100 cm
toan_do-luong_q016,do-luong,estimate,,nen,nen,Mục lục SGK Toán 3 KNTT tập một: B7 Ôn tập hình học và đo lường (tr.21),"kiến thức lớp 2 (m, dm, km, cm). Đã xem B7 tr.21–23: không có đổi đơn vị độ dài; cm ở đường gấp khúc không đủ làm căn cứ",Chiếc bút chì dài khoảng:
toan_do-luong_q017,do-luong,estimate,,nen,nen,Mục lục SGK Toán 3 KNTT tập một: B7 Ôn tập hình học và đo lường (tr.21),ước lượng cân nặng là kỹ năng lớp 2; B7 tr.22 chỉ có đọc số trên cân — khác kỹ năng,Một bạn học sinh lớp 3 nặng khoảng:
toan_xem-dong-ho-thoi-gian_q001,xem-dong-ho-thoi-gian,clock,B7,da-ghi,trang-sach,,"B7 tr.23 bài 2a (đồng hồ 3 giờ 30 phút, 6 giờ 15 phút) và bài 4 (đọc giờ) — cùng dạng","Kim giờ chỉ đúng số 3, kim phút chỉ số 12. Đồng hồ chỉ:"
toan_xem-dong-ho-thoi-gian_q002,xem-dong-ho-thoi-gian,clock,B7,da-ghi,trang-sach,,"B7 tr.23 bài 2a (đồng hồ 3 giờ 30 phút, 6 giờ 15 phút) và bài 4 (đọc giờ) — cùng dạng","Kim giờ nằm giữa số 10 và số 11, kim phút chỉ số 6. Đồng hồ chỉ:"
toan_xem-dong-ho-thoi-gian_q003,xem-dong-ho-thoi-gian,clock,B7,da-ghi,trang-sach,,"B7 tr.23 bài 2a (đồng hồ 3 giờ 30 phút, 6 giờ 15 phút) và bài 4 (đọc giờ) — cùng dạng","Kim giờ chỉ quá số 1 một chút, kim phút chỉ số 3. Đồng hồ chỉ:"
toan_xem-dong-ho-thoi-gian_q014,xem-dong-ho-thoi-gian,calendar,B7,da-ghi,trang-sach,,B7 tr.23 bài 2b (ngày 4/10 là thứ Ba → ngày 10/10) — cùng dạng tính thứ trong tuần,Thứ Hai tuần này là ngày 5. Thứ Hai tuần sau là ngày mấy?
toan_xem-dong-ho-thoi-gian_q015,xem-dong-ho-thoi-gian,calendar,B7,da-ghi,trang-sach,,B7 tr.23 bài 2b (ngày 4/10 là thứ Ba → ngày 10/10) — cùng dạng tính thứ trong tuần,Hôm nay là thứ Sáu. Ba ngày nữa là thứ mấy?
toan_giai-toan-co-loi-van_q001,giai-toan-co-loi-van,word-problem,B2,da-ghi,muc-luc,"Mục lục SGK Toán 3 KNTT tập một: B2 Ôn tập cộng, trừ trong phạm vi 1000 (tr.9)","Mục lục tập một: B2 Ôn tập cộng, trừ trong phạm vi 1000 (tr.9) — cộng trong 1000; tra bảng / một phép tính trực tiếp","Buổi sáng hái được 248 quả cam, buổi chiều hái thêm 135 quả cam. Hỏi cả ngày hái được bao nhiêu quả cam?"
toan_giai-toan-co-loi-van_q002,giai-toan-co-loi-van,word-problem,B2,da-ghi,muc-luc,"Mục lục SGK Toán 3 KNTT tập một: B2 Ôn tập cộng, trừ trong phạm vi 1000 (tr.9)","Mục lục tập một: B2 Ôn tập cộng, trừ trong phạm vi 1000 (tr.9) — trừ trong 1000; tra bảng / một phép tính trực tiếp","Cửa hàng có 420 quyển vở, đã bán 175 quyển. Hỏi cửa hàng còn lại bao nhiêu quyển vở?"
toan_giai-toan-co-loi-van_q003,giai-toan-co-loi-van,word-problem,B2,da-ghi,suy-luan,"Mục lục SGK Toán 3 KNTT tập một: B2 Ôn tập cộng, trừ trong phạm vi 1000 (tr.9)","một bước trừ, bẫy ""nhiều hơn"" hỏi số bé","Hà có 45 viên bi, Hà nhiều hơn Nam 18 viên. Hỏi Nam có bao nhiêu viên bi?"
toan_giai-toan-co-loi-van_q004,giai-toan-co-loi-van,word-problem,B2,da-ghi,suy-luan,"Mục lục SGK Toán 3 KNTT tập một: B2 Ôn tập cộng, trừ trong phạm vi 1000 (tr.9)","một bước cộng, bẫy ""ít hơn"" hỏi số lớn","Mai có 28 nhãn vở, Mai ít hơn Lan 15 nhãn vở. Hỏi Lan có bao nhiêu nhãn vở?"
toan_giai-toan-co-loi-van_q011,giai-toan-co-loi-van,word-problem,B2,da-ghi,muc-luc,"Mục lục SGK Toán 3 KNTT tập một: B2 Ôn tập cộng, trừ trong phạm vi 1000 (tr.9)","Mục lục tập một: B2 Ôn tập cộng, trừ trong phạm vi 1000 (tr.9) — trừ trong 1000; tra bảng / một phép tính trực tiếp",Thùng có 100 lít nước. Đã dùng 36 lít. Hỏi thùng còn bao nhiêu lít nước?
toan_giai-toan-co-loi-van_q012,giai-toan-co-loi-van,word-problem,B10,da-ghi,trang-sach,"Mục lục SGK Toán 3 KNTT tập một: B10 Bảng nhân 7, bảng chia 7 (tr.31)",B10 tr.31 khám phá: mỗi đội 7 bạn × số đội — cùng dạng (mỗi ngày 7 trang × 6 ngày),"Thỏ đọc mỗi ngày 7 trang sách, đọc trong 6 ngày. Hỏi Thỏ đã đọc tất cả bao nhiêu trang?"
toan_giai-toan-co-loi-van_q015,giai-toan-co-loi-van,word-problem,B6,da-ghi,trang-sach,"Mục lục SGK Toán 3 KNTT tập một: B6 Bảng nhân 4, bảng chia 4 (tr.19)","B6 tr.20 luyện tập 2: 24 bánh, mỗi hộp 4 → mấy hộp — cùng dạng chia theo nhóm","Sợi dây dài 36 m, cắt thành các đoạn, mỗi đoạn dài 4 m. Hỏi cắt được mấy đoạn?"
toan_on-tap-tong-hop_q006,on-tap-tong-hop,times-7,B10,da-ghi,suy-luan,"Mục lục SGK Toán 3 KNTT tập một: B11 Bảng nhân 8, bảng chia 8 (tr.33)",đổi 8 × 7 thành 7 × 8 rồi tra bảng nhân 7 (B10); hoạt động đổi chỗ hai thừa số ở B10 tr.32 bài 4a. Không cần chờ bảng 8 (B11),8 × 7 = ?
toan_on-tap-tong-hop_q008,on-tap-tong-hop,divide-8,B11,da-ghi,muc-luc,"Mục lục SGK Toán 3 KNTT tập một: B11 Bảng nhân 8, bảng chia 8 (tr.33)","Mục lục tập một: B11 Bảng nhân 8, bảng chia 8 (tr.33) — 72 : 8 — bảng chia 8; tra bảng / một phép tính trực tiếp",72 : 8 = ?
toan_on-tap-tong-hop_q009,on-tap-tong-hop,fraction-of,B14,da-ghi,trang-sach,Mục lục SGK Toán 3 KNTT tập một: B14 Một phần mấy (tr.42),"B14 tr.45 bài 4: chia 12 quả cam thành 3 phần bằng nhau, 1/3 số quả cam là ? — câu web mở rộng số liệu (dùng bảng chia đến B12) và không có hình",1/4 của 28 là:
toan_on-tap-tong-hop_q013,on-tap-tong-hop,clock,B7,da-ghi,trang-sach,,"B7 tr.23 bài 2a (đồng hồ 3 giờ 30 phút, 6 giờ 15 phút) và bài 4 (đọc giờ) — cùng dạng","Kim giờ nằm giữa số 4 và số 5, kim phút chỉ số 6. Đồng hồ chỉ:"
toan_on-tap-tong-hop_q014,on-tap-tong-hop,word-problem,B2,da-ghi,suy-luan,"Mục lục SGK Toán 3 KNTT tập một: B2 Ôn tập cộng, trừ trong phạm vi 1000 (tr.9)","""kém"" = ít hơn, hỏi số lớn: một bước cộng","Hùng có 30 viên bi, Hùng kém Việt 12 viên. Hỏi Việt có bao nhiêu viên bi?"
